column,block,position,dtype,percent_null,unique_count,top_five_values
SN,baseline,0,int64,0.0,8817,1 (1); 2 (1); 3 (1); 4 (1); 5 (1)
age,baseline,1,int64,0.0,43,21 (584); 20 (581); 19 (554); 24 (553); 22 (508)
no_pregnancy,baseline,2,int64,0.0,17,2 (2762); 3 (2681); 1 (2392); 4 (372); 5 (229)
last_normal_menustration_date,baseline,3,str,0.0,501,10/17/2024 (155); 3/10/2024 (144); 5/10/2024 (96); 5/8/2024 (95); 9/19/2024 (89)
duration_of_pregnancy_weeks_,baseline,4,int64,0.0,42,20 (393); 24 (356); 33 (344); 30 (328); 36 (327)
duaration_of_pregnancy_days_,baseline,5,int64,0.0,10,0 (2103); 3 (1216); 2 (1214); 5 (1159); 4 (1118)
expected_date_of_delivery,baseline,6,str,0.0,433,12/27/2024 (96); 12/19/2024 (78); 11/27/2024 (76); 12/26/2024 (73); 12/13/2024 (69)
vaginal_bleeding,baseline,7,str,0.0,2,no (8781); yes (36)
vaginal_discharge,baseline,8,str,0.0,2,normal (8784); abnormal (33)
nausea_and_vomiting,baseline,9,str,0.0,2,no (8543); yes (274)
problems_in_current_pregnancy,baseline,10,str,0.0,2,no (8682); yes (135)
specify_current_pregnancy_problems,baseline,11,str,0.0,80,no (8682); pmtct 1 (17); lower abdominal pain (9); malaria (7); backache (7)
medication_or_other_treatments,baseline,12,str,0.0,115,"no (7684); no medication (520); no treatments (240); not applicable (123); sp,mebendazole ,ferrous sulphate (47)"
number_of_prior_pregnancies_with_live_births,baseline,13,int64,0.0,17,2 (2380); 1 (2023); 3 (1971); 4 (1675); 0 (413)
number_of_prior_pregnancies_with_stillbirths,baseline,14,int64,0.0,8,0 (2259); 4 (1845); 3 (1679); 1 (1552); 2 (1477)
number_of_prior_deliveries,baseline,15,int64,0.0,15,2 (2217); 1 (2075); 3 (1876); 4 (1866); 0 (435)
labour_at_term_1,baseline,16,str,0.0,2,yes (8133); no (684)
preterm_labour_1,baseline,17,str,0.0,2,no (8468); yes (349)
prior_caesarean_delivery,baseline,18,str,0.0,2,no (8599); yes (218)
prio_forceps_delivery,baseline,19,str,0.0,2,no (8805); yes (12)
prio_vacuum_delivery,baseline,20,str,0.0,2,no (8796); yes (21)
number_of_living_children_and_birth_weight,baseline,21,int64,0.0,13,3 (2154); 1 (2069); 2 (1998); 4 (1663); 0 (624)
infant_weight_of_4kg_and_above,baseline,22,int64,0.0,9,0 (3895); 1 (1364); 4 (1199); 3 (1178); 2 (1171)
miscarriages_or_abortions,baseline,23,str,0.0,2,no (8540); yes (277)
number_of_miscarriages_or_abortions,baseline,24,str,0.0,6,no (8537); 1 (209); 2 (47); 0 (12); 3 (7)
bleeding_in_previous_pregnancies,baseline,25,str,0.0,2,no (8778); yes (39)
bleeding_in_previous_deliveries,baseline,26,str,0.0,2,no (8790); yes (27)
bleeding_in_previous_puerperium,baseline,27,str,0.0,2,no (8805); yes (12)
presence_of_hypertension_in_previous_pregnancies,baseline,28,str,0.0,2,no (8798); yes (19)
problems_labour_and_puerperium,baseline,29,str,0.0,2,no (8757); yes (60)
specify_problems_in_previous_pregnancy_labour_and_puerperium,baseline,30,str,0.0,49,no (8758); obstructed labour (6); pph (4); malposition (2); malpresentation(breech presentation) (2)
heart_problems,baseline,31,str,0.0,2,no (8807); yes (10)
hypertension,baseline,32,str,0.0,2,no (8810); yes (7)
diabetes_mellitus,baseline,33,str,0.0,2,no (8809); yes (8)
gestational_diabetes,baseline,34,str,0.0,2,no (8814); yes (3)
liver_diseases,baseline,35,str,0.0,2,no (8802); yes (15)
hiv,baseline,36,str,0.0,2,no (8725); yes (92)
sexually_transmitted_diseases,baseline,37,str,0.0,2,no (8799); yes (18)
tuberculosis,baseline,38,str,0.0,2,no (8810); yes (7)
history_of_surgery,baseline,39,str,0.0,2,no (8770); yes (47)
allergies,baseline,40,str,0.0,2,no (8812); yes (5)
specify_allergies,baseline,41,str,0.0,5,no (8813); itching (1); allergic in sulupher and folic acid (1); allergic to sulphur (1); fish (1)
kidney_diseases,baseline,42,str,0.0,2,no (8815); yes (2)
height_cm,baseline,43,float64,0.0,116,160.0 (507); 156.0 (388); 153.0 (384); 158.0 (380); 154.0 (299)
weight_kg,baseline,44,str,0.0,91,60 (553); 50 (541); 58 (522); 56 (488); 59 (444)
sickle_cell_or_haematological_disorders,baseline,45,str,0.0,2,no (8807); yes (10)
asthma,baseline,46,str,0.0,2,no (8806); yes (11)
epilepsy,baseline,47,str,0.0,2,no (8806); yes (11)
history_of_trauma_or_accidents,baseline,48,str,0.0,2,no (8789); yes (28)
tetanus_immunization,baseline,49,str,0.0,2,yes (8182); no (635)
smoking,baseline,50,str,0.0,2,no (8803); yes (14)
use_of_drugs,baseline,51,str,0.0,2,no (8799); yes (18)
use_of_alcohol,baseline,52,str,0.0,3,no (8711); yes (105); ye (1)
intimate_partner_violence,baseline,53,str,0.0,2,no (8635); yes (182)
tobacco_use,baseline,54,str,0.0,2,no (8796); yes (21)
exposure_to_second_handsmoke,baseline,55,str,0.0,2,no (8565); yes (252)
twin_pregnancy,baseline,56,str,0.0,2,no (8678); yes (139)
congenital_malformations,baseline,57,str,0.0,2,no (8810); yes (7)
type_of_cognital_malfomation_baby_born_with,baseline,58,str,0.0,9,no (8809); deformity of hands (1); autism (1); heart problem (1); webbing toes (1)
any_genetic_disease,baseline,59,str,0.0,2,no (8798); yes (19)
previous_contraceptive_history,baseline,60,str,0.0,2,no (7896); yes (921)
contraceptive_method_used,baseline,61,str,0.0,7,no (7885); implants (734); combined oral contraceptive (132); condoms (29); progesteronr only oral concraceptive (21)
recent_contraception_before_pregnancy,baseline,62,str,0.0,2,no (8264); yes (553)
visit_number,baseline,63,int64,0.0,1,1 (8817)
smoking_v1,anc_v1,64,str,0.0,2,no (8792); yes (25)
alcohol_and_drugs_abuse_v1,anc_v1,65,str,0.0,2,no (8695); yes (122)
intimate_partner_violence_v1,anc_v1,66,str,0.0,2,no (8695); yes (122)
gbv_v1,anc_v1,67,str,0.0,2,no (8581); yes (236)
social_support_v1,anc_v1,68,str,0.0,2,yes (7206); no (1611)
tetanus_immunization_status_v1,anc_v1,69,str,0.0,7,tt1 (3831); completed (1472); tt3 (1273); tt2 (924); tt4 (682)
mother_not_vaccinated_action_v1,anc_v1,70,str,0.0,5,no (8678); tt1 (128); tt5 (5); tt2 (3); tt4 (3)
folic_v1,anc_v1,71,str,0.0,2,no (6605); yes (2212)
iron_and_folic_v1,anc_v1,72,str,0.0,2,yes (8386); no (431)
calcium_v1,anc_v1,73,str,0.0,2,no (8118); yes (699)
check_date_of_first_foetal_movement_v1,anc_v1,74,str,0.0,2,no (4846); yes (3971)
date_of_first_foetal_movement_v1,anc_v1,75,str,0.0,450,no (4518); 8/15/2024 (104); 5/15/2024 (63); 7/17/2024 (57); 6/12/2024 (52)
birth_and_emergency_plan_v1,anc_v1,76,str,0.0,2,yes (7948); no (869)
teach_danger_signs_during_gravidity_v1,anc_v1,77,str,0.0,2,yes (8718); no (99)
discuss_sti_and_hiv_aids_v1,anc_v1,78,str,0.0,2,yes (8703); no (114)
provide_long_lasting_v1,anc_v1,79,str,0.0,2,yes (8479); no (338)
give_intermittent_preventive_treatment_of_malaria_in_gravidity_v1,anc_v1,80,str,0.0,2,yes (7482); no (1335)
treat_any_problem_observed_v1,anc_v1,81,str,0.0,2,no (8586); yes (231)
indicate_problem_treated_v1,anc_v1,82,str,0.0,79,no (8695); malaria (6); urinary tract infection (5); uti in pregnancy (5); anaemia (5)
blood_pressure_v1,anc_v1,83,str,0.62,1469,110/70 (613); 100/60 (573); 120/70 (332); 112/67 (274); 110/60 (240)
bp_is_greater_than_140_90_v1,anc_v1,84,int64,0.0,1,0 (8817)
body_temperature_v1,anc_v1,85,str,0.62,25,37 (2657); not_checked (2588); 36.5 (941); 36.7 (740); 36.6 (605)
respiratory_rate_v1,anc_v1,86,str,0.62,24,not_checked (2547); 18 (1925); 16 (1228); 20 (1083); 19 (886)
pulse_rate_v1,anc_v1,87,str,0.62,74,not_checked (1088); 72 (722); 76 (689); 68 (597); 70 (485)
weight_kg_v1,anc_v1,88,float64,0.62,435,60.0 (416); 54.0 (411); 58.0 (399); 56.0 (388); 55.0 (358)
breast_examination_v1,anc_v1,89,str,0.62,2,normal (8711); abnormal (51)
pregnant_week_number_v1,anc_v1,90,float64,0.62,40,20.0 (936); 24.0 (833); 28.0 (574); 16.0 (540); 12.0 (366)
uterine_size_symphysis_fundal_height_v1,anc_v1,91,str,0.62,2,normal (8731); abnormal (31)
abdominal_palpation_v1,anc_v1,92,str,0.62,4,not applicable (7600); longitudinal/cephalic (769); longitudinal/breech (364); tranverse (29)
other_abdominal_palpation_v1,anc_v1,93,float64,100.0,0,
fetal_auscaltation_v1,anc_v1,94,str,0.62,2,present (5049); not present (3713)
pelvic_examination_findings_v1,anc_v1,95,str,0.62,2,normal (8676); abnormal (86)
obstetric_ultrasound_scan_result_v1,anc_v1,96,str,88.95,14,normal (739); fetal_movement_present (139); single_live (61); gestational_age_reported (10); twins_found (4)
obstetric_ultrasound_scan_action_v1,anc_v1,97,str,92.3,7,no_action (493); monitoring (177); cephalic_presentation (3); referred (2); bed_rest (2)
obstetric_ultrasound_scan_v1,anc_v1,98,str,1.93,2,no (7600); yes (1047)
hemoglobin_check_v1,anc_v1,99,str,1.93,2,yes (8175); no (472)
hemoglobin_check_result_v1,anc_v1,100,float64,7.85,147,12.0 (415); 11.0 (339); 13.0 (303); 10.3 (279); 11.2 (263)
hemoglobin_check_action_v1,anc_v1,101,str,9.52,21,fefo_provided (3146); no_action (2366); continue_treatment (866); counseling (860); not_applicable (452)
urine_albumin_check_v1,anc_v1,102,str,1.93,2,yes (5262); no (3385)
urine_albumin_check_result_v1,anc_v1,103,str,47.99,5,normal (4481); protein_positive (47); trace (32); other (24); infection (2)
urine_albumin_check_action_v1,anc_v1,104,str,43.57,4,no_action (4847); other (86); counseling (33); treatment (9)
hiv_test_v1,anc_v1,105,str,1.93,2,yes (8405); no (242)
hiv_test_result_v1,anc_v1,106,str,14.96,9,negative (3816); pmtct 2 (3458); positive (92); both negative (54); n/r (40)
hiv_test_action_v1,anc_v1,107,str,10.09,16,no action (6637); not applicable (772); retest between 32-36 weeks (350); on arv (84); start arv (31)
urine_glucose_check_v1,anc_v1,108,str,1.93,2,yes (4931); no (3716)
urine_glucose_check_result_v1,anc_v1,109,str,1.93,6,negative (4920); no (3716); positive (4); negastive (3); nergative (3)
urine_glucose_check_action_v1,anc_v1,110,str,5.14,10,no_action (4410); no action (3937); not applicable (4); negative (4); counseling done (3)
urine_analysis_v1,anc_v1,111,str,1.93,2,yes (6171); no (2476)
urine_analysis_result_v1,anc_v1,112,str,43.13,7,normal (4418); clear_yellowish (395); yellowish_urine (179); uti_infection (14); pus_cells_present (4)
urine_analysis_action_v1,anc_v1,113,str,34.3,9,no_action (5610); treated_with_antibiotic (111); amoxicillin_caps_30 (28); erythromycin_tabs_500mg_tds_5_7_days (17); referred_for_management (13)
syphilis_test_v1,anc_v1,114,str,1.93,2,yes (7689); no (958)
syphilis_test_result_v1,anc_v1,115,str,23.45,2,negative (6728); positive (21)
syphilis_test_action_v1,anc_v1,116,str,36.62,4,no_action (5323); retest (243); treated (16); doctor_to_see (6)
check_blood_group_v1,anc_v1,117,str,1.93,2,yes (4587); no (4060)
blood_grp_check_result_v1,anc_v1,118,str,48.62,13,o (1765); a (953); b (620); o+ (491); a+ (254)
blood_grp_check_action_v1,anc_v1,119,str,52.43,10,no action (4130); counselling (41); negative (10); blood group value (4); counselling for ant-d (3)
check_blood_rhesus_factor_v1,anc_v1,120,str,1.93,2,yes (4582); no (4065)
check_blood_rhesus_factor_result_v1,anc_v1,121,str,51.06,3,rh+ (4188); rh- (112); unknown (15)
check_blood_rhesus_factor_action_v1,anc_v1,122,str,52.47,6,no_action (4124); counseling (48); referred_for_treatment (11); referred_for_ant_d (6); partner_same_rh (1)
malaria_rapid_test_v1,anc_v1,123,str,1.93,2,yes (8407); no (240)
malaria_rapid_test_result_v1,anc_v1,124,str,14.86,22,negative (7408); ngative (33); positive (21); p0sitive (21); nergative (5)
malaria_rapid_test_action_v1,anc_v1,125,str,11.66,45,no (4615); no action (1454); not appicable (773); advised on daily sleeping under treated net (429); none (237)
blood_sugar_v1,anc_v1,126,str,1.93,2,no (7784); yes (863)
blood_sugar_result_v1,anc_v1,127,str,90.31,28,negative (361); 4.0 (109); 4.2 (67); 4.5 (64); 3.6 (59)
blood_sugar_action_v1,anc_v1,128,str,91.64,2,no_action (707); not_applicable (30)
visit_number_1,outcome,129,float64,1.93,1,2.0 (8647)
smoking_v2,anc_v2,130,str,21.36,2,no (6906); yes (28)
alcohol_drugs_abuse_v2,anc_v2,131,str,21.36,2,no (6878); yes (56)
intimate_partner_violence_v2,anc_v2,132,str,21.36,2,no (6878); yes (56)
gbv_v2,anc_v2,133,str,21.36,2,no (6801); yes (133)
social_support_v2,anc_v2,134,str,21.36,2,yes (5665); no (1269)
tetanus_immunization_status_v2,anc_v2,135,str,21.36,7,tt2 (3777); completed (961); tt3 (873); not vaccinated (524); tt4 (406)
mother_not_vaccinated_action_v2,anc_v2,136,str,21.36,6,no (6917); tt2 (8); tt1 (4); tt5 (3); tt4 (1)
folic_v2,anc_v2,137,str,21.36,2,no (5390); yes (1544)
iron_and_folic_v2,anc_v2,138,str,21.36,2,yes (6714); no (220)
calcium_v2,anc_v2,139,str,21.36,2,no (6562); yes (372)
check_date_first_foetal_movement_v2,anc_v2,140,str,21.36,2,no (3493); yes (3441)
date_of_first_foetal_movement_v2,anc_v2,141,str,21.37,399,no (3493); 8/15/2024 (125); 8/30/2024 (113); 5/20/2024 (74); 9/15/2024 (57)
birth_and_emergency_plan_v2,anc_v2,142,str,21.36,2,yes (6178); no (756)
teach_danger_signs_during_gravidity_v2,anc_v2,143,str,21.36,2,yes (6876); no (58)
discuss_sti_hiv_aid_v2,anc_v2,144,str,21.36,2,yes (6846); no (88)
provide_long_lasting_v2,anc_v2,145,str,21.36,2,yes (3882); no (3052)
give_intermittent_and_preventive_treatment_of_malaria_in_gravidity_v2,anc_v2,146,str,21.36,2,yes (6526); no (408)
treat_any_problem_observed_v2,anc_v2,147,str,21.36,2,no (6782); yes (152)
indicate_problem_treated_v2,anc_v2,148,str,21.45,49,"no (6861); incomplete abortion, evacuation done (4); anaemia (4); low hb(anemia) (3); backache (3)"
blood_pressure_v2,anc_v2,149,str,22.38,1253,100/60 (579); 110/70 (524); 120/70 (324); 110/60 (211); 115/60 (180)
bp_is_greater_than_140_90_v2,anc_v2,150,str,22.38,2,not applicable (6811); give antihypertensive (33)
body_temperature_v2,anc_v2,151,str,22.39,29,not_checked (2485); 37 (1869); 36.5 (673); 36.7 (444); 36.6 (441)
respiratory_rate_v2,anc_v2,152,str,22.38,20,not_checked (2458); 18 (1261); 20 (913); 16 (844); 19 (679)
pulse_rate_v2,anc_v2,153,str,22.38,76,not_checked (1089); 72 (621); 76 (556); 68 (441); 78 (359)
weight_kg_v2,anc_v2,154,float64,22.38,403,60.0 (360); 56.0 (339); 58.0 (288); 54.0 (277); 57.0 (265)
breast_examination_v2,anc_v2,155,str,22.38,2,normal (6800); abnormal (44)
pregnant_week_number_v2,anc_v2,156,float64,22.38,38,28.0 (776); 24.0 (712); 20.0 (507); 32.0 (500); 30.0 (368)
uterine_size_symphysis_fundal_height_v2,anc_v2,157,str,22.38,2,normal (6815); abnormal (29)
abdominal_palpation_v2,anc_v2,158,str,22.38,4,not applicable (5528); longitudinal/cephalic (1026); longitudinal/breech (273); tranverse (17)
other_abdominal_palpation_v2,anc_v2,159,float64,100.0,0,
fetal_auscaltation_v2,anc_v2,160,str,22.38,2,present (5146); not present (1698)
pelvic_examination_findings_v2,anc_v2,161,str,22.38,2,normal (6805); abnormal (39)
obstetric_ultrasound_scan_result_v2,anc_v2,162,str,95.03,5,normal (412); fetal_movement_present (11); single_live (10); cephalic_presentation (4); twins_found (1)
obstetric_ultrasound_scan_action_v2,anc_v2,163,str,97.58,4,no_action (188); monitoring (22); svd_expected (2); cephalic_presentation (1)
obstetric_ultrasound_scan_v2,anc_v2,164,str,22.82,2,no (6297); yes (508)
hemoglobin_check_v2,anc_v2,165,str,22.82,2,no (3748); yes (3057)
hemoglobin_check_result_v2,anc_v2,166,str,65.4,134,10.3 (256); 11.0 (232); 11.2 (210); 10.8 (158); 10.5 (81)
hemoglobin_check_action_v2,anc_v2,167,str,67.22,56,fefo_provided (735); continue with diet (507); no (353); no_action (346); not_applicable (245)
urine_albumin_check_v2,anc_v2,168,str,22.82,2,no (5941); yes (864)
urine_albumin_check_result_v2,anc_v2,169,str,90.37,4,normal (844); protein_positive (3); other (1); trace (1)
urine_albumin_check_action_v2,anc_v2,170,str,90.51,3,no_action (830); other (4); counseling (3)
hiv_test_v2,anc_v2,171,str,22.82,2,no (5960); yes (845)
hiv_test_result_v2,anc_v2,172,str,90.94,28,two (327); pmtct2 (116); non reactive (97); negative (88); none reactive (62)
hiv_test_action_v2,anc_v2,173,str,90.64,15,no (569); no action (191); on art (17); not applicable (13); retested at the age of 32_36 weeks (9)
urine_glucose_check_v2,anc_v2,174,str,22.82,2,no (5968); yes (837)
urine_glucose_check_result_v2,anc_v2,175,str,22.82,8,no (5968); nil (363); negative (275); neg (180); nill (14)
urine_glucose_check_action_v2,anc_v2,176,str,23.13,7,no_action (5984); no (696); none (47); nil (40); no action (9)
urine_analysis_v2,anc_v2,177,str,22.82,2,no (5294); yes (1511)
urine_analysis_result_v2,anc_v2,178,str,84.56,5,normal (807); clear_yellowish (376); yellowish_urine (172); clear (4); uti_infection (2)
urine_analysis_action_v2,anc_v2,179,str,84.67,4,no_action (1344); treated_with_antibiotic (4); amoxicillin_caps_30 (3); referred_for_management (1)
syphilis_test_v2,anc_v2,180,str,22.82,2,no (6114); yes (691)
syphilis_test_result_v2,anc_v2,181,str,92.63,2,negative (648); positive (2)
syphilis_test_action_v2,anc_v2,182,str,93.06,4,no_action (599); retest (11); doctor_to_see (1); treated (1)
check_blood_group_v2,anc_v2,183,str,22.82,2,no (6541); yes (264)
blood_grp_check_result_v2,anc_v2,184,str,97.13,7,o (135); a (57); b (33); ab (9); o+ (8)
blood_grp_check_action_v2,anc_v2,185,str,97.29,2,no action (238); counselling (1)
check_blood_rhesus_factor_v2,anc_v2,186,str,22.82,2,no (6527); yes (278)
check_blood_rhesus_factor_result_v2,anc_v2,187,str,97.01,2,rh+ (261); rh- (3)
check_blood_rhesus_factor_action_v2,anc_v2,188,str,97.11,2,no_action (254); counseling (1)
malaria_rapid_test_v2,anc_v2,189,str,22.82,2,no (5347); yes (1458)
malaria_rapid_test_result_v2,anc_v2,190,str,83.68,6,negative (1429); positive (4); ngative (2); p0sitive (2); negastive (1)
malaria_rapid_test_action_v2,anc_v2,191,str,85.79,15,no (897); none (269); no action (36); not appicable (13); sleepung under mosquito net (10)
blood_sugar_v2,anc_v2,192,str,22.82,2,no (6592); yes (213)
blood_sugar_result_v2,anc_v2,193,str,97.58,19,3.6 (44); negative (38); 4.0 (26); 4.5 (22); 3.8 (18)
blood_sugar_action_v2,anc_v2,194,str,97.81,2,no_action (192); give antidiabetic (1)
visit_number_2,outcome,195,float64,22.82,1,3.0 (6805)
smoking_v3,anc_v3,196,str,41.51,2,no (5144); yes (13)
alcohol_drugs_abuse_v3,anc_v3,197,str,41.51,2,no (5113); yes (44)
intimate_partner_violence_v3,anc_v3,198,str,41.51,2,no (5113); yes (44)
gbv_v3,anc_v3,199,str,41.51,2,no (5085); yes (72)
social_support_v3,anc_v3,200,str,41.51,2,yes (4033); no (1124)
tetanus_immunization_status_v3,anc_v3,201,str,41.51,7,tt2 (2580); not vaccinated (905); tt3 (651); completed (597); tt4 (269)
mother_not_vaccinated_action_v3,anc_v3,202,str,41.51,5,no (5146); tt2 (5); tt1 (3); tt5 (2); tt4 (1)
folic_v3,anc_v3,203,str,41.51,2,no (4158); yes (999)
iron_and_folic_v3,anc_v3,204,str,41.51,2,yes (4994); no (163)
calcium_v3,anc_v3,205,str,41.51,2,no (5003); yes (154)
check_date_first_foetal_movement_v3,anc_v3,206,str,41.51,2,yes (3153); no (2004)
date_of_first_foetal_movement_v3,anc_v3,207,str,41.54,372,no (2004); 8/15/2024 (154); 8/30/2024 (143); 5/20/2024 (119); 9/15/2024 (71)
birth_and_emergency_plan_v3,anc_v3,208,str,41.51,2,yes (4549); no (608)
teach_danger_signs_during_gravidity_v3,anc_v3,209,str,41.51,2,yes (5116); no (41)
discuss_sti_hiv_aid_v3,anc_v3,210,str,41.51,2,yes (5079); no (78)
provide_long_lasting_v3,anc_v3,211,str,41.51,2,yes (2642); no (2515)
give_intermittent_and_preventive_treatment_of_malaria_in_gravidity_v3,anc_v3,212,str,41.51,2,yes (4946); no (211)
treat_any_problem_observed_v3,anc_v3,213,str,41.51,2,no (5068); yes (89)
indicate_problem_treated_v3,anc_v3,214,str,41.56,34,no (5113); hypertension (4); severe anaemia (3); anaemia (2); common cold (2)
blood_pressure_v3,anc_v3,215,str,42.3,1055,110/70 (506); 100/60 (461); 120/70 (272); 110/60 (153); 115/60 (135)
bp_is_greater_than_140_90_v3,anc_v3,216,str,42.3,2,not applicable (5057); give antihypertensive (30)
body_temperature_v3,anc_v3,217,str,42.3,27,not_checked (2194); 37 (1315); 36.5 (421); 36.6 (306); 36.7 (305)
respiratory_rate_v3,anc_v3,218,str,42.3,24,not_checked (2167); 18 (821); 20 (681); 16 (584); 19 (437)
pulse_rate_v3,anc_v3,219,str,42.3,67,not_checked (1041); 72 (522); 76 (409); 68 (276); 70 (265)
weight_kg_v3,anc_v3,220,float64,42.3,369,60.0 (277); 58.0 (256); 56.0 (206); 61.0 (200); 62.0 (200)
breast_examination_v3,anc_v3,221,str,42.3,2,normal (5058); abnormal (29)
pregnant_week_number_v3,anc_v3,222,float64,42.3,31,32.0 (605); 28.0 (526); 36.0 (461); 24.0 (359); 30.0 (327)
uterine_size_symphysis_fundal_height_v3,anc_v3,223,str,42.3,2,normal (5070); abnormal (17)
abdominal_palpation_v3,anc_v3,224,str,42.3,5,not applicable (3670); longitudinal/cephalic (1266); longitudinal/breech (146); tranverse (3); others (2)
other_abdominal_palpation_v3,anc_v3,225,str,99.98,2,"twins(1st with longitudinal lie,2nd with oblique lie) (1); oblique (1)"
fetal_auscaltation_v3,anc_v3,226,str,42.3,2,present (4581); not present (506)
pelvic_examination_findings_v3,anc_v3,227,str,42.3,2,normal (5044); abnormal (43)
obstetric_ultrasound_scan_result_v3,anc_v3,228,str,97.12,4,normal (236); fetal_movement_present (13); single_live (4); cephalic_presentation (1)
obstetric_ultrasound_scan_action_v3,anc_v3,229,str,97.3,3,no_action (215); monitoring (19); svd_expected (4)
obstetric_ultrasound_scan_v3,anc_v3,230,str,42.67,2,no (4691); yes (364)
hemoglobin_check_v3,anc_v3,231,str,42.67,2,no (2751); yes (2304)
hemoglobin_check_result_v3,anc_v3,232,str,73.88,111,11.0 (219); 11.2 (175); 10.3 (170); 10.8 (140); 12.0 (99)
hemoglobin_check_action_v3,anc_v3,233,str,75.6,45,fefo_provided (476); continue with diet (405); no_action (316); no (311); counseling (166)
urine_albumin_check_v3,anc_v3,234,str,42.67,2,no (4482); yes (573)
urine_albumin_check_result_v3,anc_v3,235,str,93.51,2,normal (570); protein_positive (2)
urine_albumin_check_action_v3,anc_v3,236,str,93.73,3,no_action (550); treatment (2); other (1)
hiv_test_v3,anc_v3,237,str,42.67,2,no (4226); yes (829)
hiv_test_result_v3,anc_v3,238,str,91.06,26,pmtct2 (202); two (172); non reactive (129); negative (126); pmtct 2 (79)
hiv_test_action_v3,anc_v3,239,str,90.81,16,no (410); no action (307); nil (32); not applicable (16); on art (13)
urine_glucose_check_v3,anc_v3,240,str,42.67,2,no (4538); yes (517)
urine_glucose_check_result_v3,anc_v3,241,str,42.67,6,no (4538); negative (214); nil (171); neg (120); nill (9)
urine_glucose_check_action_v3,anc_v3,242,str,42.89,7,no_action (4540); no (400); nil (46); none (45); no action (2)
urine_analysis_v3,anc_v3,243,str,42.67,2,no (3925); yes (1130)
urine_analysis_result_v3,anc_v3,244,str,88.07,4,normal (655); clear_yellowish (334); yellowish_urine (58); clear (5)
urine_analysis_action_v3,anc_v3,245,str,88.49,4,no_action (1005); amoxicillin_caps_30 (5); treated_with_antibiotic (3); amoxicillin_500mg_tds_5_7_days (2)
syphilis_test_v3,anc_v3,246,str,42.67,2,no (4654); yes (401)
syphilis_test_result_v3,anc_v3,247,str,95.81,1,negative (369)
syphilis_test_action_v3,anc_v3,248,str,95.97,2,no_action (338); retest (17)
check_blood_group_v3,anc_v3,249,str,42.67,2,no (4944); yes (111)
blood_grp_check_result_v3,anc_v3,250,str,98.75,5,o (68); a (21); b (16); ab (3); b+ (2)
blood_grp_check_action_v3,anc_v3,251,str,98.76,1,no action (109)
check_blood_rhesus_factor_v3,anc_v3,252,str,42.67,2,no (4935); yes (120)
check_blood_rhesus_factor_result_v3,anc_v3,253,str,98.67,2,rh+ (113); rh- (4)
check_blood_rhesus_factor_action_v3,anc_v3,254,str,98.67,1,no_action (117)
malaria_rapid_test_v3,anc_v3,255,str,42.67,2,no (4026); yes (1029)
malaria_rapid_test_result_v3,anc_v3,256,str,88.35,3,negative (1025); positive (1); p0sitive (1)
malaria_rapid_test_action_v3,anc_v3,257,str,90.27,11,no (559); none (264); no action (11); advised on daily sleeping under treated net (11); n0 (4)
blood_sugar_v3,anc_v3,258,str,42.67,2,no (4909); yes (146)
blood_sugar_result_v3,anc_v3,259,str,98.34,17,3.6 (40); 4.0 (22); negative (21); 4.2 (14); 4.5 (10)
blood_sugar_action_v3,anc_v3,260,str,98.47,2,no_action (134); give antidiabetic (1)
visit_number_3,outcome,261,float64,42.67,1,4.0 (5055)
smoking_v4,anc_v4,262,str,65.74,2,no (3005); yes (16)
alcohol_drugs_abuse_v4,anc_v4,263,str,65.74,2,no (2994); yes (27)
intimate_partner_violence_v4,anc_v4,264,str,65.74,2,no (2994); yes (27)
gbv_v4,anc_v4,265,str,65.74,2,no (2992); yes (29)
social_support_v4,anc_v4,266,str,65.74,2,yes (2527); no (494)
tetanus_immunization_status_v4,anc_v4,267,str,65.74,7,tt2 (1335); not vaccinated (798); tt3 (376); completed (295); tt4 (140)
mother_not_vaccinated_action_v4,anc_v4,268,str,65.74,5,no (3011); tt2 (6); tt4 (2); tt3 (1); tt1 (1)
folic_v4,anc_v4,269,str,65.74,2,no (2813); yes (208)
iron_and_folic_v4,anc_v4,270,str,65.74,2,yes (2950); no (71)
calcium_v4,anc_v4,271,str,65.74,2,no (2986); yes (35)
check_date_first_foetal_movement_v4,anc_v4,272,str,65.74,2,yes (2413); no (608)
date_of_first_foetal_movement_v4,anc_v4,273,str,65.75,342,no (608); 8/15/2024 (132); 8/30/2024 (115); 5/20/2024 (109); 4/15/2024 (71)
birth_and_emergency_plan_v4,anc_v4,274,str,65.74,2,yes (2747); no (274)
teach_danger_signs_during_gravidity_v4,anc_v4,275,str,65.74,2,yes (2995); no (26)
discuss_sti_hiv_aid_v4,anc_v4,276,str,65.74,2,yes (2971); no (50)
provide_long_lasting_v4,anc_v4,277,str,65.74,2,yes (1515); no (1506)
give_intermittent_and_preventive_treatment_of_malaria_in_gravidity_v4,anc_v4,278,str,65.74,2,yes (2866); no (155)
treat_any_problem_observed_v4,anc_v4,279,str,65.74,2,no (2970); yes (51)
indicate_problem_treated_v4,anc_v4,280,str,65.75,27,no (2986); abdominal pain (3); hypertension (3); anaemia (2); anaemia in pregnacy (2)
blood_pressure_v4,anc_v4,281,str,66.16,854,110/70 (369); 100/60 (242); 120/70 (177); 110/60 (75); 100/70 (69)
bp_is_greater_than_140_90_v4,anc_v4,282,str,66.16,2,not applicable (2956); give antihypertensive (28)
body_temperature_v4,anc_v4,283,str,66.16,24,not_checked (1707); 37 (532); 36.5 (167); 36.7 (140); 36.6 (135)
respiratory_rate_v4,anc_v4,284,str,66.16,17,not_checked (1706); 18 (412); 20 (245); 16 (237); 19 (208)
pulse_rate_v4,anc_v4,285,str,66.16,61,not_checked (890); 76 (230); 72 (212); 74 (166); 78 (139)
weight_kg_v4,anc_v4,286,float64,66.16,298,60.0 (167); 56.0 (133); 62.0 (123); 63.0 (118); 58.0 (115)
breast_examination_v4,anc_v4,287,str,66.16,2,normal (2968); abnormal (16)
pregnant_week_number_v4,anc_v4,288,float64,66.16,30,32.0 (425); 36.0 (384); 28.0 (264); 34.0 (256); 37.0 (225)
uterine_size_symphysis_fundal_height_v4,anc_v4,289,str,66.16,2,normal (2970); abnormal (14)
abdominal_palpation_v4,anc_v4,290,str,66.16,5,not applicable (1925); longitudinal/cephalic (1000); longitudinal/breech (56); tranverse (2); others (1)
other_abdominal_palpation_v4,anc_v4,291,str,99.99,1,not done (1)
fetal_auscaltation_v4,anc_v4,292,str,66.16,2,present (2869); not present (115)
pelvic_examination_findings_v4,anc_v4,293,str,66.16,2,normal (2964); abnormal (20)
obstetric_ultrasound_scan_result_v4,anc_v4,294,str,99.16,3,normal (63); fetal_movement_present (9); single_live (2)
obstetric_ultrasound_scan_action_v4,anc_v4,295,str,98.15,2,no_action (151); monitoring (12)
obstetric_ultrasound_scan_v4,anc_v4,296,str,66.44,2,no (2749); yes (210)
hemoglobin_check_v4,anc_v4,297,str,66.44,2,no (1865); yes (1094)
hemoglobin_check_result_v4,anc_v4,298,str,87.61,105,12.0 (67); 13.0 (64); 11.0 (54); 11.2 (54); 10.3 (43)
hemoglobin_check_action_v4,anc_v4,299,str,87.93,34,no (271); counseling (193); continue with diet (165); fefo_provided (156); continue with fefo (94)
urine_albumin_check_v4,anc_v4,300,str,66.44,2,no (2707); yes (252)
urine_albumin_check_result_v4,anc_v4,301,str,97.14,4,normal (246); protein_positive (3); other (2); trace (1)
urine_albumin_check_action_v4,anc_v4,302,str,97.53,4,no_action (215); other (1); treatment (1); counseling (1)
hiv_test_v4,anc_v4,303,str,66.44,2,no (2449); yes (510)
hiv_test_result_v4,anc_v4,304,str,94.39,18,pmtct 2 (120); negative (118); non reactive (116); pmtct2 (105); two (13)
hiv_test_action_v4,anc_v4,305,str,94.54,13,no (230); no action (176); nil (33); not applicable (14); retest 6weeks after delivery (12)
urine_glucose_check_v4,anc_v4,306,str,66.44,2,no (2738); yes (221)
urine_glucose_check_result_v4,anc_v4,307,str,66.44,8,no (2738); neg (97); negative (93); nil (25); normal (3)
urine_glucose_check_action_v4,anc_v4,308,str,66.81,8,no_action (2738); no (153); nil (25); none (4); no action (2)
urine_analysis_v4,anc_v4,309,str,66.44,2,no (2502); yes (457)
urine_analysis_result_v4,anc_v4,310,str,95.03,6,normal (383); clear_yellowish (48); clear (3); yellowish_urine (2); uti_infection (1)
urine_analysis_action_v4,anc_v4,311,str,95.32,3,no_action (408); treated_with_antibiotic (4); amoxicillin_caps_30 (1)
syphilis_test_v4,anc_v4,312,str,66.44,2,no (2808); yes (151)
syphilis_test_result_v4,anc_v4,313,str,98.45,1,negative (137)
syphilis_test_action_v4,anc_v4,314,str,98.67,2,no_action (109); retest (8)
check_blood_group_v4,anc_v4,315,str,66.44,2,no (2908); yes (51)
blood_grp_check_result_v4,anc_v4,316,str,99.42,6,o (31); a (10); b (5); ab (3); b+ (1)
blood_grp_check_action_v4,anc_v4,317,str,99.5,1,no action (44)
check_blood_rhesus_factor_v4,anc_v4,318,str,66.44,2,no (2904); yes (55)
check_blood_rhesus_factor_result_v4,anc_v4,319,str,99.39,2,rh+ (48); rh- (6)
check_blood_rhesus_factor_action_v4,anc_v4,320,str,99.47,1,no_action (47)
malaria_rapid_test_v4,anc_v4,321,str,66.44,2,no (2609); yes (350)
malaria_rapid_test_result_v4,anc_v4,322,str,96.03,4,negative (346); p0sitive (2); negaative (1); ngative (1)
malaria_rapid_test_action_v4,anc_v4,323,str,96.3,9,no (270); none (40); no action (6); n0 (3); advised on daily sleeping under treated net (3)
blood_sugar_v4,anc_v4,324,str,66.44,2,no (2911); yes (48)
blood_sugar_result_v4,anc_v4,325,str,99.46,18,negative (20); 4.5 (5); 4.0 (3); 3.5 (2); 3.4 (2)
blood_sugar_action_v4,anc_v4,326,str,99.5,1,no_action (44)
visit_number_4,outcome,327,float64,66.44,1,5.0 (2959)
smoking_v5,anc_v5,328,str,81.27,2,no (1646); yes (5)
alcohol_drugs_abuse_v5,anc_v5,329,str,81.27,2,no (1632); yes (19)
intimate_partner_violence_v5,anc_v5,330,str,81.27,2,no (1632); yes (19)
gbv_v5,anc_v5,331,str,81.27,2,no (1629); yes (22)
social_support_v5,anc_v5,332,str,81.27,2,yes (1426); no (225)
tetanus_immunization_status_v5,anc_v5,333,str,81.27,7,tt2 (679); not vaccinated (578); tt3 (160); completed (127); tt4 (74)
mother_not_vaccinated_action_v5,anc_v5,334,str,81.27,1,no (1651)
folic_v5,anc_v5,335,str,81.27,2,no (1613); yes (38)
iron_and_folic_v5,anc_v5,336,str,81.27,2,yes (1601); no (50)
calcium_v5,anc_v5,337,str,81.27,2,no (1638); yes (13)
check_date_first_foetal_movement_v5,anc_v5,338,str,81.27,2,yes (1438); no (213)
date_of_first_foetal_movement_v5,anc_v5,339,str,81.27,281,no (213); 8/15/2024 (84); 5/20/2024 (74); 4/15/2024 (52); 8/30/2024 (52)
birth_and_emergency_plan_v5,anc_v5,340,str,81.27,2,yes (1555); no (96)
teach_danger_signs_during_gravidity_v5,anc_v5,341,str,81.27,2,yes (1634); no (17)
discuss_sti_hiv_aid_v5,anc_v5,342,str,81.27,2,yes (1627); no (24)
provide_long_lasting_v5,anc_v5,343,str,81.27,2,yes (837); no (814)
give_intermittent_and_preventive_treatment_of_malaria_in_gravidity_v5,anc_v5,344,str,81.27,2,yes (1218); no (433)
treat_any_problem_observed_v5,anc_v5,345,str,81.27,2,no (1629); yes (22)
indicate_problem_treated_v5,anc_v5,346,str,81.27,16,no (1634); hypertension (2); lower abdominal pain (2); oedema /counseling (1); premature rupture of membrane. (1)
blood_pressure_v5,anc_v5,347,str,81.67,603,110/70 (216); 100/60 (113); 120/70 (77); 110/60 (44); 100/70 (39)
bp_is_greater_than_140_90_v5,anc_v5,348,str,81.67,2,not applicable (1598); give antihypertensive (18)
body_temperature_v5,anc_v5,349,str,81.67,15,not_checked (1138); 37 (232); 36.5 (65); 36.6 (44); 36.7 (36)
respiratory_rate_v5,anc_v5,350,str,81.67,13,not_checked (1137); 18 (180); 16 (86); 20 (83); 19 (69)
pulse_rate_v5,anc_v5,351,str,81.67,52,not_checked (540); 72 (124); 76 (122); 74 (86); 78 (70)
weight_kg_v5,anc_v5,352,float64,81.67,213,56.0 (74); 65.0 (73); 58.0 (71); 62.0 (71); 60.0 (70)
breast_examination_v5,anc_v5,353,str,81.67,2,normal (1609); abnormal (7)
pregnant_week_number_v5,anc_v5,354,float64,81.67,23,36.0 (284); 37.0 (208); 32.0 (190); 34.0 (164); 38.0 (153)
uterine_size_symphysis_fundal_height_v5,anc_v5,355,str,81.67,2,normal (1608); abnormal (8)
abdominal_palpation_v5,anc_v5,356,str,81.67,5,longitudinal/cephalic (887); not applicable (711); longitudinal/breech (15); tranverse (2); others (1)
other_abdominal_palpation_v5,anc_v5,357,str,99.99,1,oblique (1)
fetal_auscaltation_v5,anc_v5,358,str,81.67,2,present (1596); not present (20)
pelvic_examination_findings_v5,anc_v5,359,str,81.67,2,normal (1608); abnormal (8)
obstetric_ultrasound_scan_result_v5,anc_v5,360,str,99.58,3,normal (32); fetal_movement_present (3); single_live (2)
obstetric_ultrasound_scan_action_v5,anc_v5,361,str,98.41,2,no_action (134); monitoring (6)
obstetric_ultrasound_scan_v5,anc_v5,362,str,81.88,2,no (1418); yes (180)
hemoglobin_check_v5,anc_v5,363,str,81.88,2,no (1033); yes (565)
hemoglobin_check_result_v5,anc_v5,364,str,93.59,94,12.0 (35); 13.0 (30); 11.2 (19); 10.6 (17); 13 (16)
hemoglobin_check_action_v5,anc_v5,365,str,93.75,21,no (169); counseling (144); fefo_provided (91); continue with diet (49); continue with fefo (46)
urine_albumin_check_v5,anc_v5,366,str,81.88,2,no (1471); yes (127)
urine_albumin_check_result_v5,anc_v5,367,str,98.56,3,normal (123); protein_positive (3); trace (1)
urine_albumin_check_action_v5,anc_v5,368,str,98.81,3,no_action (102); treatment (2); counseling (1)
hiv_test_v5,anc_v5,369,str,81.88,2,no (1306); yes (292)
hiv_test_result_v5,anc_v5,370,str,96.73,12,pmtct 2 (117); negative (73); non reactive (53); pmtct2 (35); known hiv postive (2)
hiv_test_action_v5,anc_v5,371,str,97.05,7,no (158); no action (81); nil (13); on art (4); n0 (2)
urine_glucose_check_v5,anc_v5,372,str,81.88,2,no (1478); yes (120)
urine_glucose_check_result_v5,anc_v5,373,str,81.88,6,no (1478); neg (59); negative (51); nil (8); normal (1)
urine_glucose_check_action_v5,anc_v5,374,str,82.11,5,no_action (1478); no (86); nil (10); none (2); treated (1)
urine_analysis_v5,anc_v5,375,str,81.88,2,no (1392); yes (206)
urine_analysis_result_v5,anc_v5,376,str,97.81,3,normal (188); clear_yellowish (4); positive (1)
urine_analysis_action_v5,anc_v5,377,str,97.86,4,no_action (181); treated_with_antibiotic (6); referred_for_management (1); amoxicillin_caps_30 (1)
syphilis_test_v5,anc_v5,378,str,81.88,2,no (1541); yes (57)
syphilis_test_result_v5,anc_v5,379,str,99.4,1,negative (53)
syphilis_test_action_v5,anc_v5,380,str,99.4,1,no_action (53)
check_blood_group_v5,anc_v5,381,str,81.88,2,no (1567); yes (31)
blood_grp_check_result_v5,anc_v5,382,str,99.66,5,o (17); b (5); a (5); ab (2); o+ (1)
blood_grp_check_action_v5,anc_v5,383,str,99.71,1,no action (26)
check_blood_rhesus_factor_v5,anc_v5,384,str,81.88,2,no (1568); yes (30)
check_blood_rhesus_factor_result_v5,anc_v5,385,str,99.68,2,rh+ (27); rh- (1)
check_blood_rhesus_factor_action_v5,anc_v5,386,str,99.71,1,no_action (26)
malaria_rapid_test_v5,anc_v5,387,str,81.88,2,no (1441); yes (157)
malaria_rapid_test_result_v5,anc_v5,388,str,98.22,2,negative (156); p0sitive (1)
malaria_rapid_test_action_v5,anc_v5,389,str,98.24,6,no (146); none (4); n0 (2); sleepung under mosquito net (1); no action (1)
blood_sugar_v5,anc_v5,390,str,81.88,2,no (1578); yes (20)
blood_sugar_result_v5,anc_v5,391,str,99.77,10,negative (9); 3.5 (2); 4.0 (2); 9.5 (1); 4.8 (1)
blood_sugar_action_v5,anc_v5,392,str,99.8,1,no_action (18)
visit_number_5,outcome,393,float64,81.88,1,6.0 (1598)
smoking_v6,anc_v6,394,str,92.32,2,no (674); yes (3)
alcohol_drugs_abuse_v6,anc_v6,395,str,92.32,2,no (666); yes (11)
intimate_partner_violence_v6,anc_v6,396,str,92.32,2,no (666); yes (11)
gbv_v6,anc_v6,397,str,92.32,2,no (675); yes (2)
social_support_v6,anc_v6,398,str,92.32,2,yes (592); no (85)
tetanus_immunization_status_v6,anc_v6,399,str,92.32,6,not vaccinated (317); tt2 (229); tt3 (61); completed (44); tt4 (19)
mother_not_vaccinated_action_v6,anc_v6,400,str,92.32,1,no (677)
folic_v6,anc_v6,401,str,92.32,2,no (671); yes (6)
iron_and_folic_v6,anc_v6,402,str,92.32,2,yes (651); no (26)
calcium_v6,anc_v6,403,str,92.32,2,no (671); yes (6)
check_date_first_foetal_movement_v6,anc_v6,404,str,92.32,2,yes (615); no (62)
date_of_first_foetal_movement_v6,anc_v6,405,str,92.33,218,no (62); 8/15/2024 (24); 5/20/2024 (20); 6/15/2024 (18); 4/15/2024 (17)
birth_and_emergency_plan_v6,anc_v6,406,str,92.32,2,yes (648); no (29)
teach_danger_signs_during_gravidity_v6,anc_v6,407,str,92.32,2,yes (669); no (8)
discuss_sti_hiv_aid_v6,anc_v6,408,str,92.32,2,yes (666); no (11)
provide_long_lasting_v6,anc_v6,409,str,92.32,2,yes (394); no (283)
give_intermittent_and_preventive_treatment_of_malaria_in_gravidity_v6,anc_v6,410,str,92.32,2,yes (355); no (322)
treat_any_problem_observed_v6,anc_v6,411,str,92.32,2,no (662); yes (15)
indicate_problem_treated_v6,anc_v6,412,str,92.34,11,no (664); anaemia (2); severe abnorminal pain (1); anaemia in pregnacy (1); watery discharge (1)
blood_pressure_v6,anc_v6,413,str,92.42,340,110/70 (96); 120/70 (41); 100/60 (36); 110/60 (20); 100/70 (16)
bp_is_greater_than_140_90_v6,anc_v6,414,str,92.42,2,not applicable (659); give antihypertensive (9)
body_temperature_v6,anc_v6,415,str,92.42,14,not_checked (497); 37 (99); 36.5 (15); 36.7 (14); 36.9 (10)
respiratory_rate_v6,anc_v6,416,str,92.42,11,not_checked (501); 18 (72); 16 (31); 20 (24); 19 (15)
pulse_rate_v6,anc_v6,417,str,92.42,42,not_checked (176); 76 (55); 72 (52); 74 (44); 82 (42)
weight_kg_v6,anc_v6,418,float64,92.42,116,64.0 (35); 58.0 (34); 63.0 (33); 62.0 (30); 60.0 (28)
breast_examination_v6,anc_v6,419,str,92.42,2,normal (664); abnormal (4)
pregnant_week_number_v6,anc_v6,420,float64,92.42,19,36.0 (149); 37.0 (108); 38.0 (106); 32.0 (51); 34.0 (50)
uterine_size_symphysis_fundal_height_v6,anc_v6,421,str,92.42,2,normal (664); abnormal (4)
abdominal_palpation_v6,anc_v6,422,str,92.42,4,longitudinal/cephalic (487); not applicable (167); longitudinal/breech (11); tranverse (3)
other_abdominal_palpation_v6,anc_v6,423,float64,100.0,0,
fetal_auscaltation_v6,anc_v6,424,str,92.42,2,present (663); not present (5)
pelvic_examination_findings_v6,anc_v6,425,str,92.42,2,normal (666); abnormal (2)
obstetric_ultrasound_scan_result_v6,anc_v6,426,str,99.78,3,normal (17); no_finding (1); single_live (1)
obstetric_ultrasound_scan_action_v6,anc_v6,427,str,98.9,2,no_action (96); monitoring (1)
obstetric_ultrasound_scan_v6,anc_v6,428,str,92.53,2,no (540); yes (119)
hemoglobin_check_v6,anc_v6,429,str,92.53,2,no (440); yes (219)
hemoglobin_check_result_v6,anc_v6,430,float64,97.52,58,12.0 (17); 13.0 (16); 12.2 (13); 11.8 (9); 11.0 (8)
hemoglobin_check_action_v6,anc_v6,431,str,97.65,21,counseling (72); no (49); fefo_provided (38); continue with fefo (12); continue with diet (10)
urine_albumin_check_v6,anc_v6,432,str,92.53,2,no (585); yes (74)
urine_albumin_check_result_v6,anc_v6,433,str,99.17,3,normal (70); trace (2); other (1)
urine_albumin_check_action_v6,anc_v6,434,str,99.34,3,no_action (55); counseling (2); other (1)
hiv_test_v6,anc_v6,435,str,92.53,2,no (541); yes (118)
hiv_test_result_v6,anc_v6,436,str,98.66,11,pmtct 2 (65); negative (19); non reactive (19); pmtct2 (7); known hiv postive (2)
hiv_test_action_v6,anc_v6,437,str,98.81,6,no (68); no action (28); nil (3); on art (3); retest 6weeks after delivery (2)
urine_glucose_check_v6,anc_v6,438,str,92.53,2,no (594); yes (65)
urine_glucose_check_result_v6,anc_v6,439,str,92.53,5,no (594); neg (40); negative (21); nil (3); + (1)
urine_glucose_check_action_v6,anc_v6,440,str,92.7,3,no_action (594); no (49); nil (1)
urine_analysis_v6,anc_v6,441,str,92.53,2,no (578); yes (81)
urine_analysis_result_v6,anc_v6,442,str,99.14,1,normal (76)
urine_analysis_action_v6,anc_v6,443,str,99.21,3,no_action (66); antibiotic_given (2); treated_with_antibiotic (2)
syphilis_test_v6,anc_v6,444,str,92.53,2,no (631); yes (28)
syphilis_test_result_v6,anc_v6,445,str,99.68,1,negative (28)
syphilis_test_action_v6,anc_v6,446,str,99.74,2,no_action (22); retest (1)
check_blood_group_v6,anc_v6,447,str,92.53,2,no (652); yes (7)
blood_grp_check_result_v6,anc_v6,448,str,99.92,3,o (5); a (1); o+ (1)
blood_grp_check_action_v6,anc_v6,449,str,99.95,1,no action (4)
check_blood_rhesus_factor_v6,anc_v6,450,str,92.53,2,no (652); yes (7)
check_blood_rhesus_factor_result_v6,anc_v6,451,str,99.94,1,rh+ (5)
check_blood_rhesus_factor_action_v6,anc_v6,452,str,99.95,1,no_action (4)
malaria_rapid_test_v6,anc_v6,453,str,92.53,2,no (598); yes (61)
malaria_rapid_test_result_v6,anc_v6,454,str,99.31,2,negative (60); p0sitive (1)
malaria_rapid_test_action_v6,anc_v6,455,str,99.33,4,no (55); n0 (2); no. (1); treated (1)
blood_sugar_v6,anc_v6,456,str,92.53,2,no (648); yes (11)
blood_sugar_result_v6,anc_v6,457,str,99.88,7,negative (4); 3.4 (2); 4.8 (1); 9.5 (1); 4.4 (1)
blood_sugar_action_v6,anc_v6,458,str,99.92,1,no_action (7)
visit_number_6,outcome,459,float64,92.53,1,7.0 (659)
smoking_v7,anc_v7,460,str,98.03,2,no (172); yes (2)
alcohol_drugs_abuse_v7,anc_v7,461,str,98.03,2,no (172); yes (2)
intimate_partner_violence_v7,anc_v7,462,str,98.03,2,no (172); yes (2)
gbv_v7,anc_v7,463,str,98.03,2,no (173); yes (1)
social_support_v7,anc_v7,464,str,98.03,2,yes (157); no (17)
tetanus_immunization_status_v7,anc_v7,465,str,98.03,6,not vaccinated (95); tt2 (50); tt3 (18); completed (8); tt4 (2)
mother_not_vaccinated_action_v7,anc_v7,466,str,98.03,2,no (173); tt2 (1)
folic_v7,anc_v7,467,str,98.03,2,no (171); yes (3)
iron_and_folic_v7,anc_v7,468,str,98.03,2,yes (172); no (2)
calcium_v7,anc_v7,469,str,98.03,2,no (173); yes (1)
check_date_first_foetal_movement_v7,anc_v7,470,str,98.03,2,yes (163); no (11)
date_of_first_foetal_movement_v7,anc_v7,471,str,98.04,109,no (11); 4/15/2024 (8); 5/12/2024 (6); 8/15/2024 (6); 7/5/2024 (5)
birth_and_emergency_plan_v7,anc_v7,472,str,98.03,2,yes (168); no (6)
teach_danger_signs_during_gravidity_v7,anc_v7,473,str,98.03,2,yes (171); no (3)
discuss_sti_hiv_aid_v7,anc_v7,474,str,98.03,2,yes (170); no (4)
provide_long_lasting_v7,anc_v7,475,str,98.03,2,yes (109); no (65)
give_intermittent_and_preventive_treatment_of_malaria_in_gravidity_v7,anc_v7,476,str,98.03,2,no (118); yes (56)
treat_any_problem_observed_v7,anc_v7,477,str,98.03,2,no (173); yes (1)
indicate_problem_treated_v7,anc_v7,478,str,98.03,2,no (173); general body oedema(was admired in labour ward) (1)
blood_pressure_v7,anc_v7,479,str,98.03,125,110/70 (25); 100/60 (9); 120/70 (7); not_checked (5); 110/60 (3)
bp_is_greater_than_140_90_v7,anc_v7,480,str,98.03,2,not applicable (170); give antihypertensive (4)
body_temperature_v7,anc_v7,481,str,98.03,8,not_checked (138); 37 (22); 36.8 (4); 36.5 (3); 36.9 (3)
respiratory_rate_v7,anc_v7,482,str,98.03,8,not_checked (135); 18 (12); 16 (8); 20 (8); 19 (5)
pulse_rate_v7,anc_v7,483,str,98.03,29,not_checked (43); 76 (13); 72 (13); 78 (13); 82 (11)
weight_kg_v7,anc_v7,484,float64,98.03,69,64.0 (12); 60.0 (9); 63.0 (8); 66.0 (7); 65.0 (7)
breast_examination_v7,anc_v7,485,str,98.03,1,normal (174)
pregnant_week_number_v7,anc_v7,486,float64,98.03,17,38.0 (42); 36.0 (33); 37.0 (29); 39.0 (15); 40.0 (14)
uterine_size_symphysis_fundal_height_v7,anc_v7,487,str,98.03,2,normal (173); abnormal (1)
abdominal_palpation_v7,anc_v7,488,str,98.03,3,longitudinal/cephalic (143); not applicable (30); tranverse (1)
other_abdominal_palpation_v7,anc_v7,489,float64,100.0,0,
fetal_auscaltation_v7,anc_v7,490,str,98.03,2,present (172); not present (2)
pelvic_examination_findings_v7,anc_v7,491,str,98.03,2,normal (173); abnormal (1)
obstetric_ultrasound_scan_result_v7,anc_v7,492,str,99.92,1,normal (7)
obstetric_ultrasound_scan_action_v7,anc_v7,493,str,99.56,1,no_action (39)
obstetric_ultrasound_scan_v7,anc_v7,494,str,98.06,2,no (121); yes (50)
hemoglobin_check_v7,anc_v7,495,str,98.06,2,no (110); yes (61)
hemoglobin_check_result_v7,anc_v7,496,float64,99.31,37,12.0 (4); 13.0 (4); 11.0 (4); 11.4 (3); 12.8 (2)
hemoglobin_check_action_v7,anc_v7,497,str,99.33,8,counseling (19); no (14); fefo_provided (13); continue with fefo (6); continue with diet (3)
urine_albumin_check_v7,anc_v7,498,str,98.06,2,no (141); yes (30)
urine_albumin_check_result_v7,anc_v7,499,str,99.66,2,normal (29); trace (1)
urine_albumin_check_action_v7,anc_v7,500,str,99.73,2,no_action (23); counseling (1)
hiv_test_v7,anc_v7,501,str,98.06,2,no (143); yes (28)
hiv_test_result_v7,anc_v7,502,str,99.68,6,pmtct 2 (14); negative (5); non reactive (4); known hiv postive (3); pmtct two (1)
hiv_test_action_v7,anc_v7,503,str,99.74,4,no (16); on art (4); no action (2); retested 6weeks after delivery (1)
urine_glucose_check_v7,anc_v7,504,str,98.06,2,no (141); yes (30)
urine_glucose_check_result_v7,anc_v7,505,str,98.06,4,no (141); neg (18); negative (11); nil (1)
urine_glucose_check_action_v7,anc_v7,506,str,98.13,2,no_action (141); no (24)
urine_analysis_v7,anc_v7,507,str,98.06,2,no (143); yes (28)
urine_analysis_result_v7,anc_v7,508,str,99.72,2,normal (24); uti_infection (1)
urine_analysis_action_v7,anc_v7,509,str,99.75,2,no_action (19); treated_with_antibiotic (3)
syphilis_test_v7,anc_v7,510,str,98.06,2,no (163); yes (8)
syphilis_test_result_v7,anc_v7,511,str,99.91,1,negative (8)
syphilis_test_action_v7,anc_v7,512,str,99.91,2,no_action (7); retest (1)
check_blood_group_v7,anc_v7,513,str,98.06,2,no (168); yes (3)
blood_grp_check_result_v7,anc_v7,514,str,99.97,1,o (3)
blood_grp_check_action_v7,anc_v7,515,str,99.97,1,no action (3)
check_blood_rhesus_factor_v7,anc_v7,516,str,98.06,2,no (166); yes (5)
check_blood_rhesus_factor_result_v7,anc_v7,517,str,99.95,2,rh+ (3); rh- (1)
check_blood_rhesus_factor_action_v7,anc_v7,518,str,99.95,1,no_action (4)
malaria_rapid_test_v7,anc_v7,519,str,98.06,2,no (160); yes (11)
malaria_rapid_test_result_v7,anc_v7,520,str,99.88,1,negative (11)
malaria_rapid_test_action_v7,anc_v7,521,str,99.89,2,no (9); n0 (1)
blood_sugar_v7,anc_v7,522,str,98.06,2,no (170); yes (1)
blood_sugar_result_v7,anc_v7,523,float64,99.99,1,6.3 (1)
blood_sugar_action_v7,anc_v7,524,str,99.99,1,no_action (1)
visit_number_7,outcome,525,float64,98.06,1,8.0 (171)
smoking_v8,anc_v8,526,str,99.52,1,no (42)
alcohol_drugs_abuse_v8,anc_v8,527,str,99.52,1,no (42)
intimate_partner_violence_v8,anc_v8,528,str,99.52,1,no (42)
gbv_v8,anc_v8,529,str,99.52,1,no (42)
social_support_v8,anc_v8,530,str,99.52,2,yes (38); no (4)
tetanus_immunization_status_v8,anc_v8,531,str,99.52,5,not vaccinated (21); tt2 (14); tt3 (4); completed (2); tt4 (1)
mother_not_vaccinated_action_v8,anc_v8,532,str,99.52,1,no (42)
folic_v8,anc_v8,533,str,99.52,2,no (40); yes (2)
iron_and_folic_v8,anc_v8,534,str,99.52,2,yes (39); no (3)
calcium_v8,anc_v8,535,str,99.52,2,no (41); yes (1)
check_date_first_foetal_movement_v8,anc_v8,536,str,99.52,2,yes (39); no (3)
date_of_first_foetal_movement_v8,anc_v8,537,str,99.52,34,no (3); 4/15/2024 (3); 3/15/2024 (2); 5/12/2024 (2); 7/5/2024 (2)
birth_and_emergency_plan_v8,anc_v8,538,str,99.52,2,yes (39); no (3)
teach_danger_signs_during_gravidity_v8,anc_v8,539,str,99.52,1,yes (42)
discuss_sti_hiv_aid_v8,anc_v8,540,str,99.52,2,yes (39); no (3)
provide_long_lasting_v8,anc_v8,541,str,99.52,2,yes (27); no (15)
give_intermittent_and_preventive_treatment_of_malaria_in_gravidity_v8,anc_v8,542,str,99.52,2,no (32); yes (10)
treat_any_problem_observed_v8,anc_v8,543,str,99.52,2,no (41); yes (1)
indicate_problem_treated_v8,anc_v8,544,str,99.52,2,no (41); pv bleeding (1)
blood_pressure_v8,anc_v8,545,str,99.52,37,120/70 (3); 104/70 (2); 100/60 (2); 121/72 (2); 125/91 (1)
bp_is_greater_than_140_90_v8,anc_v8,546,str,99.52,2,not applicable (41); give antihypertensive (1)
body_temperature_v8,anc_v8,547,str,99.52,8,not_checked (29); 37 (3); 36.9 (3); 36.8 (2); 36.5 (2)
respiratory_rate_v8,anc_v8,548,str,99.52,8,not_checked (29); 18 (3); 20 (3); 16 (2); 17 (2)
pulse_rate_v8,anc_v8,549,str,99.52,25,not_checked (7); 76.0 (6); 74.0 (3); 76 (2); 72 (2)
weight_kg_v8,anc_v8,550,float64,99.52,30,66.0 (4); 65.0 (3); 75.0 (3); 60.0 (2); 78.0 (2)
breast_examination_v8,anc_v8,551,str,99.52,1,normal (42)
pregnant_week_number_v8,anc_v8,552,float64,99.52,10,39.0 (9); 38.0 (8); 37.0 (7); 40.0 (7); 36.0 (4)
uterine_size_symphysis_fundal_height_v8,anc_v8,553,str,99.52,2,normal (41); abnormal (1)
abdominal_palpation_v8,anc_v8,554,str,99.52,3,longitudinal/cephalic (33); not applicable (8); tranverse (1)
other_abdominal_palpation_v8,anc_v8,555,float64,100.0,0,
fetal_auscaltation_v8,anc_v8,556,str,99.52,1,present (42)
pelvic_examination_findings_v8,anc_v8,557,str,99.52,1,normal (42)
obstetric_ultrasound_scan_result_v8,anc_v8,558,str,99.94,1,normal (5)
obstetric_ultrasound_scan_action_v8,anc_v8,559,str,99.88,1,no_action (11)
obstetric_ultrasound_scan_v8,anc_v8,560,str,99.53,2,no (25); yes (16)
hemoglobin_check_v8,anc_v8,561,str,99.53,2,no (25); yes (16)
hemoglobin_check_result_v8,anc_v8,562,float64,99.82,11,13.0 (3); 11.0 (2); 10.0 (2); 10.8 (2); 14.1 (1)
hemoglobin_check_action_v8,anc_v8,563,str,99.83,5,counseling (6); no (3); continue with fefo (2); fefo_provided (2); continue with diet (2)
urine_albumin_check_v8,anc_v8,564,str,99.53,2,no (33); yes (8)
urine_albumin_check_result_v8,anc_v8,565,str,99.91,1,normal (8)
urine_albumin_check_action_v8,anc_v8,566,str,99.93,1,no_action (6)
hiv_test_v8,anc_v8,567,str,99.53,2,no (30); yes (11)
hiv_test_result_v8,anc_v8,568,str,99.88,5,pmtct 2 (6); non reactive (2); pmtct two (1); negative (1); pmtct2 (1)
hiv_test_action_v8,anc_v8,569,str,99.89,2,no (9); no action (1)
urine_glucose_check_v8,anc_v8,570,str,99.53,2,no (34); yes (7)
urine_glucose_check_result_v8,anc_v8,571,str,99.53,4,no (34); neg (4); negative (2); nil (1)
urine_glucose_check_action_v8,anc_v8,572,str,99.56,2,no_action (34); no (5)
urine_analysis_v8,anc_v8,573,str,99.53,2,no (33); yes (8)
urine_analysis_result_v8,anc_v8,574,str,99.92,1,normal (7)
urine_analysis_action_v8,anc_v8,575,str,99.94,2,no_action (4); antibiotic_given (1)
syphilis_test_v8,anc_v8,576,str,99.53,2,no (36); yes (5)
syphilis_test_result_v8,anc_v8,577,str,99.94,1,negative (5)
syphilis_test_action_v8,anc_v8,578,str,99.95,1,no_action (4)
check_blood_group_v8,anc_v8,579,str,99.53,2,no (40); yes (1)
blood_grp_check_result_v8,anc_v8,580,str,99.99,1,o (1)
blood_grp_check_action_v8,anc_v8,581,str,99.99,1,no action (1)
check_blood_rhesus_factor_v8,anc_v8,582,str,99.53,2,no (40); yes (1)
check_blood_rhesus_factor_result_v8,anc_v8,583,str,99.99,1,rh+ (1)
check_blood_rhesus_factor_action_v8,anc_v8,584,str,99.99,1,no_action (1)
malaria_rapid_test_v8,anc_v8,585,str,99.53,2,no (36); yes (5)
malaria_rapid_test_result_v8,anc_v8,586,str,99.94,1,negative (5)
malaria_rapid_test_action_v8,anc_v8,587,str,99.94,1,no (5)
blood_sugar_v8,anc_v8,588,str,99.53,1,no (41)
blood_sugar_result_v8,anc_v8,589,float64,100.0,0,
blood_sugar_action_v8,anc_v8,590,float64,100.0,0,
mode_of_delivery,outcome,591,str,0.0,4,svd (7533); c-section (1280); vaccum (3); forceps (1)
live_births,outcome,592,str,0.0,2,yes (8609); no (208)
still_births,outcome,593,str,0.0,2,no (8687); yes (130)
labour_at_term,outcome,594,str,0.0,2,yes (8420); no (397)
post_term,outcome,595,str,0.0,2,no (7576); yes (1241)
preterm_labour,outcome,596,str,0.0,2,no (8459); yes (358)
twins_delivery,outcome,597,str,0.0,2,no (8394); yes (423)
number_of_twins,outcome,598,str,0.0,5,no (8394); 2 (408); 3 (6); -2 (5); 0 (4)
newborn_birth_weight_kg_,outcome,599,float64,0.0,70,3.0 (1198); 3.2 (1033); 3.1 (752); 3.4 (698); 2.9 (694)
newborn_with_weight_4kg_and_above,outcome,600,str,0.0,2,no (8476); yes (341)
gender_of_new_born_child,outcome,601,str,0.0,2,female (4534); male (4283)
new_born_with_complication,outcome,602,str,0.0,92,no (8262); low birth weight (lbw) (84); birth asphyxia (40); prematurity (35); low birth weight (33)
immunization_status,outcome,603,str,0.0,2,given (6979); not given (1838)
miscarriages_or_abortions_1,outcome,604,str,0.0,2,no (8731); yes (86)
bleeding_during_pregnancy,outcome,605,str,0.0,2,no (8769); yes (48)
bleeding_during_delivery,outcome,606,str,0.0,2,no (8730); yes (87)
bleeding_after_delivery,outcome,607,str,0.0,2,no (8630); yes (187)
total_antenatal_visits,outcome,608,int64,0.0,10,3 (2181); 1 (1761); 2 (1745); 4 (1406); 5 (1008)
other_problems_during_pregnancy,outcome,609,str,96.39,11,"obstructed labour (85); cephalo pelvic disproportion (cpd) (40); obstructed labour due to big baby (31); flat nipples,obstructed labour (30); none reassurance fetal status (nrfs) (30)"
blood_pressure_v1_1_p,postnatal_v1,610,str,0.0,1037,110/70 (797); 100/60 (547); 120/70 (497); 115/60 (236); 112/67 (231)
weight_v1_p,postnatal_v1,611,int64,0.0,90,60 (578); 50 (568); 58 (537); 56 (514); 59 (467)
haemoglobin_level_v1_p,postnatal_v1,612,str,0.0,116,10.0 (694); 10.1 (608); 10.5 (567); 11.0 (389); 11.2 (388)
pv_bleeding_amount_v1_p,postnatal_v1,613,str,0.0,100,normal (1981); 200 (1168); nomal (1043); 100 (799); 150 (584)
uterus_involution_v1_p,postnatal_v1,614,str,0.0,38,normal (2610); yes (2488); contracted (1459); well contracted (981); contracted well (822)
uterus_tenderness_v1_p,postnatal_v1,615,str,0.0,30,no (5482); contracted (918); not applicable (865); mild (399); not tender (381)
perineum_v1_p,postnatal_v1,616,str,0.0,37,intact (7640); normal (423); teared and repaired (224); repaired episiotomy with sutures (96); tear (80)
surgical_wound_v1_p,postnatal_v1,617,str,0.0,3,not applicable (7484); i clean and dry (1311); it has discharge (22)
breast_pain_and_engorgement_v1_p,postnatal_v1,618,str,0.0,5,no_pain (8386); mild_pain (404); not_applicable (17); pain (9); unknown (1)
pmtct_status_v1_p,postnatal_v1,619,str,0.0,8,pmtct_2 (8153); hiv_negative (435); pmtct_1 (205); hiv_positive (14); done (6)
breastfeeding_status_v1_p,postnatal_v1,620,str,0.0,2,exclusive (8774); formula milk (43)
mental_status_v1_p,postnatal_v1,621,str,0.0,37,normal (4573); good (1916); mentally fit (1564); mental fit (359); weel (147)
child_check_v1_p,postnatal_v1,622,str,0.0,70,yes (3563); normal (2774); neonatal checkup done (619); neonatal examination done (479); good (423)
vaccinated_v1_p,postnatal_v1,623,str,0.0,2,yes (7123); no (1694)
jaundiced_v1_p,postnatal_v1,624,str,0.0,2,no (8717); yes (100)
dib_v1_p,postnatal_v1,625,str,0.0,8,pmtct_2 (8160); hiv_negative (431); pmtct_1 (201); hiv_positive (14); done (7)
umbilicus_status_v1_p,postnatal_v1,626,str,0.0,214,no (6598); not applicable (825); none (400); no difficult in breathing (306); yes (50)
temperature_v1_p,postnatal_v1,627,str,0.0,74,37 (1674); 36.5 (1271); 36.6 (1265); 36 (1120); 36.8 (565)
blood_pressure_v2_1_p,postnatal_v2,628,str,69.6,551,110/70 (556); 100/60 (256); 120/70 (169); 120/80 (107); 114/70 (49)
weight_v2_p,postnatal_v2,629,float64,69.6,72,50.0 (266); 52.0 (160); 48.0 (131); 60.0 (112); 62.0 (110)
haemoglobin_level_v2_p,postnatal_v2,630,str,94.34,56,12 (44); 10 (38); 13 (29); 11 (29); 12.0 (25)
pv_bleeding_amount_v2_p,postnatal_v2,631,str,70.73,30,no (1124); normal (1117); 100 (121); nomal (94); 200 (71)
uterus_involution_v2_p,postnatal_v2,632,str,69.6,8,normal (1188); contracted (1123); yes (337); no (15); well contracted (8)
uterus_tenderness_v2_p,postnatal_v2,633,str,70.43,14,no (2189); not tender (372); no tenderness (11); contracted (9); normal (6)
perineum_v2_p,postnatal_v2,634,str,69.6,13,intact (2242); clean (233); repaired episiotomy with sutures (105); repaired tear with sutures (44); well healing (32)
surgical_wound_v2_p,postnatal_v2,635,str,69.6,3,not applicable (1669); i clean and dry (1006); it has discharge (5)
breast_pain_and_engorgement_v2_p,postnatal_v2,636,str,69.63,4,no_pain (2669); pain (5); not_applicable (3); mild_pain (1)
pmtct_status_v2_p,postnatal_v2,637,str,69.62,4,pmtct_2 (2442); pmtct_1 (134); hiv_negative (100); hiv_positive (3)
breastfeeding_status_v2_p,postnatal_v2,638,str,69.6,2,exclusive (2671); formula milk (9)
mental_status_v2_p,postnatal_v2,639,str,69.6,19,normal (1979); good (605); weel (71); well (5); mentally fit (4)
child_check_v2_p,postnatal_v2,640,str,69.62,43,normal (1899); yes (361); child is normal (345); died (12); hyperthermia (7)
vaccinated_v2_p,postnatal_v2,641,str,69.6,2,no (1424); yes (1256)
jaundiced_v2_p,postnatal_v2,642,str,69.6,2,no (2622); yes (58)
dib_v2_p,postnatal_v2,643,str,69.62,4,pmtct_2 (2430); pmtct_1 (143); hiv_negative (103); hiv_positive (3)
umbilicus_status_v2_p,postnatal_v2,644,str,69.64,12,no (2325); no difficult in breathing (322); yes (13); not applicable (5); .no (4)
temperature_v2_p,postnatal_v2,645,str,69.63,32,36 (960); 37 (309); 36.8 (245); 36.2 (242); 36.4 (191)
blood_pressure_v3_1_p,postnatal_v3,646,str,75.59,409,110/70 (450); 120/70 (169); 100/60 (159); 120/80 (47); 100/70 (35)
weight_v3_p,postnatal_v3,647,float64,75.59,73,50.0 (212); 52.0 (115); 60.0 (91); 62.0 (90); 53.0 (85)
haemoglobin_level_v3_p,postnatal_v3,648,float64,96.14,18,12.0 (73); 11.0 (67); 10.0 (33); 13.0 (25); 12.2 (21)
pv_bleeding_amount_v3_p,postnatal_v3,649,str,76.66,7,no (1146); normal (877); nomal (22); 100 (6); nil (4)
uterus_involution_v3_p,postnatal_v3,650,str,75.59,6,normal (1157); contracted (943); yes (34); no (13); contacted (3)
uterus_tenderness_v3_p,postnatal_v3,651,str,75.65,6,no (1850); not tender (289); 2 (4); no tenderness (2); yes (1)
perineum_v3_p,postnatal_v3,652,str,75.59,10,intact (1816); clean (227); repaired episiotomy with sutures (40); well healing (26); repaired tear with sutures (20)
surgical_wound_v3_p,postnatal_v3,653,str,75.59,3,not applicable (1252); i clean and dry (886); it has discharge (14)
breast_pain_and_engorgement_v3_p,postnatal_v3,654,str,75.59,2,no_pain (2141); pain (11)
pmtct_status_v3_p,postnatal_v3,655,str,75.59,3,pmtct_2 (2022); pmtct_1 (126); hiv_negative (4)
breastfeeding_status_v3_p,postnatal_v3,656,str,75.59,2,exclusive (2151); formula milk (1)
mental_status_v3_p,postnatal_v3,657,str,75.59,8,normal (1845); good (282); weel (18); well (3); blood transfusion (1)
child_check_v3_p,postnatal_v3,658,str,75.59,22,normal (1801); child is normal (262); yes (50); died (16); having cleft lip and palette. (4)
vaccinated_v3_p,postnatal_v3,659,str,75.59,2,no (1895); yes (257)
jaundiced_v3_p,postnatal_v3,660,str,75.59,2,no (2132); yes (20)
dib_v3_p,postnatal_v3,661,str,75.59,3,pmtct_2 (2018); pmtct_1 (131); hiv_negative (3)
umbilicus_status_v3_p,postnatal_v3,662,str,75.59,4,no (1892); no difficult in breathing (251); yes (6); .no (3)
temperature_v3_p,postnatal_v3,663,str,75.59,28,not checked (461); 36 (450); 36.9 (180); 36.8 (167); 36.2 (156)
blood_pressure_v4_1_p,postnatal_v4,664,str,78.78,338,110/70 (441); 120/70 (168); 100/60 (129); 120/80 (87); 109/70 (30)
weight_v4_p,postnatal_v4,665,float64,78.78,71,50.0 (156); 52.0 (94); 63.0 (74); 64.0 (65); 60.0 (65)
haemoglobin_level_v4_p,postnatal_v4,666,float64,96.5,6,13.0 (94); 10.0 (65); 12.0 (57); 11.0 (38); 12.9 (33)
pv_bleeding_amount_v4_p,postnatal_v4,667,str,79.82,4,no (1724); normal (45); nomal (8); 100 (2)
uterus_involution_v4_p,postnatal_v4,668,str,78.78,4,normal (1153); contracted (699); yes (14); no (5)
uterus_tenderness_v4_p,postnatal_v4,669,str,78.8,2,no (1751); not tender (118)
perineum_v4_p,postnatal_v4,670,str,78.78,6,intact (1604); clean (224); well healing (25); wound healed (13); well (4)
surgical_wound_v4_p,postnatal_v4,671,str,78.78,3,not applicable (1103); i clean and dry (767); it has discharge (1)
breast_pain_and_engorgement_v4_p,postnatal_v4,672,str,78.78,2,no_pain (1867); pain (4)
pmtct_status_v4_p,postnatal_v4,673,str,78.78,3,pmtct_2 (1765); pmtct_1 (105); hiv_negative (1)
breastfeeding_status_v4_p,postnatal_v4,674,str,78.78,2,exclusive (1870); formula milk (1)
mental_status_v4_p,postnatal_v4,675,str,78.78,6,"normal (1761); good (95); weel (12); well (1); not good, due to post partum eclampsia. (1)"
child_check_v4_p,postnatal_v4,676,str,78.78,10,normal (1720); child is normal (110); died (19); yes (16); weighed 2.2kg (1)
vaccinated_v4_p,postnatal_v4,677,str,78.78,2,yes (1810); no (61)
jaundiced_v4_p,postnatal_v4,678,str,78.78,2,no (1859); yes (12)
dib_v4_p,postnatal_v4,679,str,78.78,3,pmtct_2 (1764); pmtct_1 (106); hiv_negative (1)
umbilicus_status_v4_p,postnatal_v4,680,str,78.78,3,no (1762); no difficult in breathing (107); .no (2)
temperature_v4_p,postnatal_v4,681,str,78.78,24,not checked (596); 36 (160); 36.8 (156); 36.9 (134); 37 (124)
Risk,label,682,str,0.0,2,high (5510); low (3307)
