field_family,raw_value,standard_value,rows_all_visits
malaria_rapid_test_result,negative,negative,10440
malaria_rapid_test_result,ngative,negative,36
malaria_rapid_test_result,p0sitive,positive,28
malaria_rapid_test_result,positive,positive,26
malaria_rapid_test_result,nergative,negative,5
malaria_rapid_test_result,negastive,negative,3
malaria_rapid_test_result,nevative,negative,2
malaria_rapid_test_result,rh+,other,1
malaria_rapid_test_result,ngativeno,other,1
malaria_rapid_test_result,negstav,other,1
malaria_rapid_test_result,megative,negative,1
malaria_rapid_test_result,negatve,other,1
malaria_rapid_test_result,i,other,1
malaria_rapid_test_result,a,other,1
malaria_rapid_test_result,no action,other,1
malaria_rapid_test_result,negarive,other,1
malaria_rapid_test_result,negativet,other,1
malaria_rapid_test_result,negarivr,other,1
malaria_rapid_test_result,ne,other,1
malaria_rapid_test_result,-.ve,other,1
malaria_rapid_test_result,rh a -ve,other,1
malaria_rapid_test_result,ve,other,1
malaria_rapid_test_result,pos(pf),other,1
malaria_rapid_test_result,negaative,other,1
urine_glucose_check_result,no,other,19207
urine_glucose_check_result,negative,negative,5587
urine_glucose_check_result,nil,other,572
urine_glucose_check_result,neg,other,518
urine_glucose_check_result,nill,other,24
urine_glucose_check_result,normal,other,10
urine_glucose_check_result,positive,positive,4
urine_glucose_check_result,negastive,negative,3
urine_glucose_check_result,nergative,negative,3
urine_glucose_check_result,+,other,3
urine_glucose_check_result,nevative,negative,1
urine_glucose_check_result,postive,other,1
urine_glucose_check_result,nomal,other,1
urine_glucose_check_result,++,other,1
