feature,set,summary_type,non_lbw,lbw,percent_missing,smd
n,,,"3,907",260,,
age,A,median [IQR],"25.0 [21.0, 30.0]","23.0 [20.0, 31.0]",1.9,-0.117
gravidity,A,median [IQR],"2.0 [1.0, 3.0]","2.0 [1.0, 3.0]",0.0,-0.134
prior_deliveries,A,median [IQR],"2.0 [1.0, 3.0]","2.0 [1.0, 3.0]",0.0,0.001
prior_live_births,A,median [IQR],"2.0 [1.0, 3.0]","2.0 [1.0, 3.0]",0.0,0.037
prior_stillbirths,A,median [IQR],"2.0 [0.0, 3.0]","2.0 [1.0, 3.0]",0.0,0.077
living_children,A,median [IQR],"2.0 [1.0, 3.0]","2.0 [1.0, 3.0]",0.0,0.02
prior_macrosomia,A,count (%),2188 (56.0%),171 (65.8%),0.0,0.201
prior_caesarean,A,count (%),150 (3.8%),5 (1.9%),0.0,-0.115
prior_miscarriage,A,count (%),123 (3.1%),25 (9.6%),0.0,0.267
prior_bleeding_any,A,count (%),27 (0.7%),3 (1.2%),0.0,0.048
prior_hypertension_pregnancy,A,count (%),12 (0.3%),1 (0.4%),0.0,0.013
hiv_pos,A,count (%),90 (2.3%),8 (3.1%),0.0,0.048
twin_pregnancy_booking,A,count (%),80 (2.0%),7 (2.7%),0.0,0.042
height_cm,A,median [IQR],"156.0 [147.0, 164.0]","155.0 [142.0, 165.0]",0.3,-0.128
weight_v1,A,median [IQR],"56.0 [51.0, 63.0]","54.0 [50.0, 60.0]",0.2,-0.248
bmi_v1,A,median [IQR],"23.5 [20.2, 27.6]","23.3 [19.8, 27.4]",0.5,-0.076
ga_v1,A,median [IQR],"18.0 [13.0, 20.0]","17.0 [12.0, 20.0]",0.0,-0.113
sbp_v1,A,median [IQR],"110.0 [105.0, 120.0]","112.0 [109.8, 120.0]",1.7,0.133
dbp_v1,A,median [IQR],"69.0 [60.0, 72.0]","68.0 [60.0, 70.0]",1.7,-0.023
map_v1,A,median [IQR],"83.3 [76.7, 86.7]","83.3 [78.3, 86.7]",1.8,0.043
bp_high_v1,A,count (%),36 (0.9%),4 (1.6%),1.8,0.058
pulse_v1,A,median [IQR],"76.0 [72.0, 86.0]","79.0 [72.0, 89.0]",19.6,0.202
temp_v1,A,median [IQR],"37.0 [36.6, 37.0]","37.0 [36.7, 37.0]",41.7,0.104
rr_v1,A,median [IQR],"18.0 [17.0, 19.0]","18.0 [16.0, 20.0]",41.3,-0.016
hb_v1,A,median [IQR],"11.8 [10.6, 12.8]","11.9 [10.8, 12.9]",10.1,0.041
anaemia_v1,A,count (%),1105 (31.4%),66 (28.7%),10.1,-0.059
severe_anaemia_v1,A,count (%),20 (0.6%),1 (0.4%),10.1,-0.019
malaria_pos_v1,A,count (%),21 (0.6%),2 (0.8%),10.5,0.026
syphilis_pos_v1,A,count (%),10 (0.3%),0 (0.0%),16.8,-0.079
urine_albumin_pos_v1,A,count (%),16 (0.7%),2 (1.2%),44.2,0.05
sfh_abnormal_v1,A,count (%),12 (0.3%),1 (0.4%),0.0,0.013
fetal_heart_absent_v1,A,count (%),2676 (68.5%),190 (73.1%),0.0,0.101
palpation_abnormal_v1,A,count (%),149 (3.8%),5 (1.9%),0.0,-0.113
social_support_absent_v1,A,count (%),858 (22.0%),48 (18.5%),0.0,-0.087
ipv_v1,A,count (%),55 (1.4%),4 (1.5%),0.0,0.011
gbv_v1,A,count (%),99 (2.5%),3 (1.2%),0.0,-0.103
substance_v1,A,count (%),61 (1.6%),4 (1.5%),0.0,-0.002
ifa_v1,A,count (%),3712 (95.0%),251 (96.5%),0.0,0.076
iptp_v1,A,count (%),2989 (76.5%),187 (71.9%),0.0,-0.105
llin_v1,A,count (%),3715 (95.1%),243 (93.5%),0.0,-0.07
tt_not_vaccinated_v1,A,count (%),90 (2.3%),9 (3.5%),0.0,0.069
problem_treated_v1,A,count (%),103 (2.6%),9 (3.5%),0.0,0.048
not_checked_bp_v1,A,count (%),47 (1.2%),6 (2.3%),0.0,0.084
not_checked_pulse_v1,A,count (%),763 (19.5%),48 (18.5%),0.0,-0.027
not_checked_temp_v1,A,count (%),1617 (41.4%),122 (46.9%),0.0,0.112
not_checked_rr_v1,A,count (%),1601 (41.0%),120 (46.2%),0.0,0.105
not_checked_hb_v1,A,count (%),309 (7.9%),26 (10.0%),0.0,0.073
weight_v2,B,median [IQR],"58.0 [53.0, 65.0]","56.0 [51.4, 61.0]",0.2,-0.266
ga_v2,B,median [IQR],"24.0 [20.0, 26.0]","23.0 [19.8, 25.0]",0.0,-0.169
gap_weeks,B,median [IQR],"5.0 [4.0, 7.0]","4.0 [4.0, 7.0]",0.0,-0.068
sbp_v2,B,median [IQR],"110.0 [104.0, 119.0]","110.0 [107.0, 118.0]",2.1,0.095
dbp_v2,B,median [IQR],"68.0 [60.0, 70.0]","68.0 [60.0, 70.0]",2.1,-0.018
map_v2,B,median [IQR],"82.7 [76.7, 86.7]","83.3 [76.7, 86.7]",2.2,0.035
bp_high_v2,B,count (%),35 (0.9%),7 (2.8%),2.2,0.137
not_checked_bp_v2,B,count (%),66 (1.7%),3 (1.2%),0.0,-0.045
pulse_v2,B,median [IQR],"76.0 [72.0, 86.0]","80.0 [72.0, 88.0]",20.0,0.211
not_checked_pulse_v2,B,count (%),784 (20.1%),47 (18.1%),0.0,-0.051
sfh_abnormal_v2,B,count (%),14 (0.4%),4 (1.5%),0.0,0.122
fetal_heart_absent_v2,B,count (%),1464 (37.5%),125 (48.1%),0.0,0.216
palpation_abnormal_v2,B,count (%),214 (5.5%),6 (2.3%),0.0,-0.164
