visit,measurement,visits_held,n,median,q1,q3,percent_missing
1,weight_kg,8817,8762,57.7,52.0,63.0,0.6
1,systolic_mmHg,8817,8657,112.0,107.0,120.0,1.8
1,diastolic_mmHg,8817,8657,68.0,61.0,72.0,1.8
1,pulse_per_min,8817,7669,76.0,71.0,85.0,13.0
1,temperature_C,8817,6174,36.9,36.6,37.0,30.0
1,haemoglobin_g_dL,8817,8125,11.7,10.5,12.7,7.8
1,gestational_week,8817,8762,21.0,16.0,27.0,0.6
2,weight_kg,6934,6844,59.0,54.0,65.0,1.3
2,systolic_mmHg,6934,6737,112.0,106.0,120.0,2.8
2,diastolic_mmHg,6934,6737,68.0,60.0,71.0,2.8
2,pulse_per_min,6934,5753,76.0,72.0,84.0,17.0
2,temperature_C,6934,4355,36.9,36.6,37.0,37.2
2,haemoglobin_g_dL,6934,3046,11.0,10.3,12.1,56.1
2,gestational_week,6934,6844,26.0,22.0,31.0,1.3
3,weight_kg,5157,5087,60.0,55.0,66.7,1.4
3,systolic_mmHg,5157,4982,111.0,106.0,119.0,3.4
3,diastolic_mmHg,5157,4982,68.0,60.0,70.0,3.4
3,pulse_per_min,5157,4046,76.0,72.0,84.0,21.5
3,temperature_C,5157,2893,36.9,36.6,37.0,43.9
3,haemoglobin_g_dL,5157,2300,11.0,10.3,12.0,55.4
3,gestational_week,5157,5087,30.0,26.0,34.0,1.4
4,weight_kg,3021,2984,62.0,56.0,68.325,1.2
4,systolic_mmHg,3021,2910,110.0,105.0,119.0,3.7
4,diastolic_mmHg,3021,2910,70.0,61.0,71.0,3.7
4,pulse_per_min,3021,2092,76.0,72.0,84.0,30.8
4,temperature_C,3021,1276,36.9,36.6,37.0,57.8
4,haemoglobin_g_dL,3021,1092,11.7,10.8,12.6,63.9
4,gestational_week,3021,2984,32.0,29.0,36.0,1.2
5,weight_kg,1651,1616,63.0,58.0,70.0,2.1
5,systolic_mmHg,1651,1576,110.0,105.0,118.0,4.5
5,diastolic_mmHg,1651,1576,70.0,62.0,72.0,4.5
5,pulse_per_min,1651,1076,76.0,72.0,84.0,34.8
5,temperature_C,1651,478,37.0,36.6,37.0,71.0
5,haemoglobin_g_dL,1651,564,11.9,10.8,12.9,65.8
5,gestational_week,1651,1616,35.0,32.0,37.0,2.1
6,weight_kg,677,668,64.0,58.0,71.0,1.3
6,systolic_mmHg,677,650,110.0,106.0,119.75,4.0
6,diastolic_mmHg,677,650,70.0,63.0,72.0,4.0
6,pulse_per_min,677,491,77.0,73.0,84.5,27.5
6,temperature_C,677,171,37.0,36.75,37.0,74.7
6,haemoglobin_g_dL,677,219,12.0,11.0,12.8,67.7
6,gestational_week,677,668,36.0,34.0,38.0,1.3
7,weight_kg,174,174,64.4,59.849999999999994,72.0,0.0
7,systolic_mmHg,174,169,110.0,107.0,118.0,2.9
7,diastolic_mmHg,174,169,70.0,65.0,73.0,2.9
7,pulse_per_min,174,130,78.0,73.25,84.0,25.3
7,temperature_C,174,36,37.0,36.8,37.0,79.3
7,haemoglobin_g_dL,174,61,12.0,11.2,13.0,64.9
7,gestational_week,174,174,37.0,36.0,38.0,0.0
8,weight_kg,42,42,66.0,60.25,72.9,0.0
8,systolic_mmHg,42,42,115.0,108.5,120.0,0.0
8,diastolic_mmHg,42,42,70.0,64.25,74.0,0.0
8,pulse_per_min,42,35,76.0,74.0,82.0,16.7
8,temperature_C,42,13,36.8,36.5,36.9,69.0
8,haemoglobin_g_dL,42,16,11.399999999999999,10.8,12.399999999999999,61.9
8,gestational_week,42,42,38.0,37.0,39.75,0.0
