feature,Full file,After birth weight filter,Analysis cohort
age,1.8,1.8,1.9
gravidity,0.0,0.0,0.0
prior_deliveries,0.0,0.0,0.0
prior_live_births,0.0,0.0,0.0
prior_stillbirths,0.0,0.0,0.0
living_children,0.0,0.0,0.0
prior_macrosomia,0.0,0.0,0.0
prior_caesarean,0.0,0.0,0.0
prior_miscarriage,0.0,0.0,0.0
prior_bleeding_any,0.0,0.0,0.0
prior_hypertension_pregnancy,0.0,0.0,0.0
hiv_pos,0.0,0.0,0.0
twin_pregnancy_booking,0.0,0.0,0.0
height_cm,0.4,0.4,0.3
weight_v1,0.8,0.8,0.2
bmi_v1,1.2,1.1,0.5
ga_v1,0.6,0.6,0.0
sbp_v1,1.9,1.9,1.7
dbp_v1,2.0,1.9,1.7
map_v1,2.0,2.0,1.8
bp_high_v1,2.0,2.0,1.8
pulse_v1,13.1,13.1,19.6
temp_v1,30.0,29.9,41.7
rr_v1,29.6,29.5,41.3
hb_v1,8.1,8.1,10.1
anaemia_v1,8.1,8.1,10.1
severe_anaemia_v1,8.1,8.1,10.1
malaria_pos_v1,15.0,15.0,10.5
syphilis_pos_v1,23.5,23.5,16.8
urine_albumin_pos_v1,48.0,48.1,44.2
sfh_abnormal_v1,0.6,0.6,0.0
fetal_heart_absent_v1,0.6,0.6,0.0
palpation_abnormal_v1,0.6,0.6,0.0
social_support_absent_v1,0.0,0.0,0.0
ipv_v1,0.0,0.0,0.0
gbv_v1,0.0,0.0,0.0
substance_v1,0.0,0.0,0.0
ifa_v1,0.0,0.0,0.0
iptp_v1,0.0,0.0,0.0
llin_v1,0.0,0.0,0.0
tt_not_vaccinated_v1,0.0,0.0,0.0
problem_treated_v1,0.0,0.0,0.0
not_checked_bp_v1,0.0,0.0,0.0
not_checked_pulse_v1,0.0,0.0,0.0
not_checked_temp_v1,0.0,0.0,0.0
not_checked_rr_v1,0.0,0.0,0.0
not_checked_hb_v1,0.0,0.0,0.0
weight_v2,22.6,22.6,0.2
ga_v2,22.4,22.4,0.0
gap_weeks,22.9,22.9,0.0
sbp_v2,23.6,23.7,2.1
dbp_v2,23.7,23.7,2.1
map_v2,23.7,23.8,2.2
bp_high_v2,23.7,23.8,2.2
not_checked_bp_v2,22.4,22.4,0.0
pulse_v2,34.9,34.9,20.0
not_checked_pulse_v2,22.4,22.4,0.0
sfh_abnormal_v2,22.4,22.4,0.0
fetal_heart_absent_v2,22.4,22.4,0.0
palpation_abnormal_v2,22.4,22.4,0.0
wt_change_per_week,26.0,26.0,1.8
sbp_change,25.1,25.1,3.4
dbp_change,25.2,25.2,3.5
map_change,25.3,25.3,3.6
bp_new_high,25.3,25.3,3.6
pulse_change,36.1,36.2,21.4
sfh_became_abnormal,22.9,22.9,0.0
